Workbook

Sheet Summary
A1: K10-A-Day Savings & Investment Tracker
A2: A simple tracker for the K10/day savings plan, running to July 2028
A4: How this workbook works | B4: Log each real deposit as it happens in "Daily Savings." Two optional columns support that: "Bank Balance (K)" lets you type in the balance shown on your Patumba SMS confirmation, and "Interest Earned (K)" then calculates itself — the gap between what you actually deposited and what the account says you have, which is the interest quietly compounding in the background. Leave Bank Balance blank on days you don't have an SMS balance handy; Interest just stays blank too.
A5: Daily Savings tab | B5: Log each day's real deposit as it happens. Column B (Deposit) starts BLANK for every day you haven't reached yet — only fill in the day you're actually on. Don't fill in future days ahead of time; the Cumulative Total (Column C) carries your running total forward automatically.
A6: Stock Milestones tab | B6: Every time the Cumulative Total crosses a threshold (e.g. K1,000), move that chunk into LuSE shares instead of letting it all sit until 2028. Fill in the date, company, and amount once you actually invest.
A7: Colour legend
A8: Blue text | B8: A cell you're meant to edit (an input)
A9: Black text | B9: A formula — leave it alone, it calculates itself
A10: Yellow fill | B10: A key assumption or number worth double-checking
A12: Key assumptions
A13: Start date | B13: 46232
A14: Daily target | B14: K10 / day
A15: Target date | B15: 46965
A16: Rough target total | B16: ≈ K7,300 at exactly K10/day with no gaps — track the real number as you go
A18: Before he invests a single Kwacha | B18: Call a licensed LuSE stockbroker (e.g. Pangaea Securities, Stockbrokers Zambia) and ask: (1) minimum trade size, (2) fee per trade — flat or %, (3) any account minimums. That answer decides whether small frequent buys or fewer larger buys make more sense.

Sheet Daily Savings
A1: Date | B1: Deposit (K) | C1: Cumulative Total (K) | D1: Bank Balance (K) | E1: Interest Earned (K) | F1: Notes
A2: 46232 | B2: 10 | C2: =B2 -> 10 | D2: 10 | E2: =IF(D2="","",D2-C2) -> 0 | F2: Deposited Successfully
A3: 46233 | B3: 10 | C3: =C2+B3 -> 20 | D3: 20 | E3: =IF(D3="","",D3-C3) -> 0 | F3: Deposited Successfully
A4: 46234 | B4: 10 | C4: =C3+B4 -> 30 | D4: 30 | E4: =IF(D4="","",D4-C4) -> 0 | F4: Deposited Successfully
A5: 46235 | B5: 10 | C5: =C4+B5 -> 40 | D5: 40.01 | E5: =IF(D5="","",D5-C5) -> 0.01 | F5: Deposited Successfully
A6: 46236 | B6: 10 | C6: =C5+B6 -> 50 | D6: 50.01 | E6: =IF(D6="","",D6-C6) -> 0.01 | F6: Deposited Successfully
A7: 46237 | B7: 10 | C7: =C6+B7 -> 60 | D7: 60.01 | E7: =IF(D7="","",D7-C7) -> 0.01 | F7: Deposited Successfully
A8: 46238 | B8: 10 | C8: =C7+B8 -> 70 | D8: 70.02 | E8: =IF(D8="","",D8-C8) -> 0.02 | F8: Deposited Successfully
A9: 46239 | B9: 10 | C9: =C8+B9 -> 80 | D9: 80.03 | E9: =IF(D9="","",D9-C9) -> 0.03 | F9: Deposited Successfully
A10: 46240 | B10: 20 | C10: =C9+B10 -> 100 | D10: 100.04 | E10: =IF(D10="","",D10-C10) -> 0.04 | F10: Deposited Successfully
A11: 46241 | B11: 10 | C11: =C10+B11 -> 110 | D11: 110.05 | E11: =IF(D11="","",D11-C11) -> 0.05 | F11: Deposited Successfully
A12: 46242 | B12: 10 | C12: =C11+B12 -> 120 | D12: 120.05 | E12: =IF(D12="","",D12-C12) -> 0.05 | F12: Deposited Successfully
A13: 46243 | B13: 10 | C13: =C12+B13 -> 130 | D13: 130.06 | E13: =IF(D13="","",D13-C13) -> 0.06 | F13: Deposited Successfully
A14: 46244 | B14: 10 | C14: =C13+B14 -> 140 | D14: 140.07 | E14: =IF(D14="","",D14-C14) -> 0.07 | F14: Deposited Successfully
... A42: 46272 | B42: 10 | C42: =C41+B42 -> 500 | D42: 501.8 | E42: =IF(D42="","",D42-C42) -> 1.8 | F42: Deposited Successfully
A43: 46273 | C43: =C42+B43 -> 500 | E43: =IF(D43="","",D43-C43)
A44: 46274 | C44: =C43+B44 -> 500 | E44: =IF(D44="","",D44-C44)
A45: 46275 | C45: =C44+B45 -> 500 | E45: =IF(D45="","",D45-C45)
A46: 46276 | C46: =C45+B46 -> 500 | E46: =IF(D46="","",D46-C46)
A47: 46277 | C47: =C46+B47 -> 500 | E47: =IF(D47="","",D47-C47)
A48: 46278 | C48: =C47+B48 -> 500 | E48: =IF(D48="","",D48-C48)
A49: 46279 | C49: =C48+B49 -> 500 | E49: =IF(D49="","",D49-C49)
A50: 46280 | C50: =C49+B50 -> 500 | E50: =IF(D50="","",D50-C50)
A51: 46281 | C51: =C50+B51 -> 500 | E51: =IF(D51="","",D51-C51)
A52: 46282 | C52: =C51+B52 -> 500 | E52: =IF(D52="","",D52-C52)
A53: 46283 | C53: =C52+B53 -> 500 | E53: =IF(D53="","",D53-C53)
A54: 46284 | C54: =C53+B54 -> 500 | E54: =IF(D54="","",D54-C54)
... A735: 46965 | C735: =C734+B735 -> 500 | E735: =IF(D735="","",D735-C735)

Sheet Stock Milestones
A1: Threshold (K) | B1: Date Reached | C1: Company / Counter | D1: Amount Invested (K) | E1: Fees Confirmed? | F1: Notes
A2: 500
A3: 1000
A4: 2000
A5: 3000
A6: 4000
A7: 5000
A8: 6000
A9: 7000
A10: 8000

Sheet Dashboard
A1: Progress Dashboard
A3: Total saved so far (K) | B3: =SUM('Daily Savings'!B2:B735) -> 500
A4: Days tracked | B4: =COUNT('Daily Savings'!B2:B735) -> 41
A5: Days with a deposit logged | B5: =COUNTIF('Daily Savings'!B2:B735,">0") -> 41
A6: Average deposit per tracked day (K) | B6: =IFERROR(SUM('Daily Savings'!B2:B735)/COUNT('Daily Savings'!B2:B735),0) -> 12.195122
A7: Target date | B7: 46965
A8: Total invested in stocks so far (K) | B8: =SUM('Stock Milestones'!D2:D10) -> 0
A9: Interest earned to date (K) | B9: =IFERROR(LOOKUP(2,1/('Daily Savings'!E2:E735<>""),'Daily Savings'!E2:E735),0) -> 1.8
A10: Tip: update this Dashboard automatically just by filling in the Daily Savings and Stock Milestones tabs.
